﻿{"cameraMode":{"drawMode":0,"name":"Shaded","section":"Shading Mode"},"sceneLighting":false,"audioPlay":false,"sceneViewState":{"showFog":true,"showMaterialUpdate":false,"showSkybox":false,"showFlares":true,"showImageEffects":true,"showParticleSystems":true},"in2DMode":false,"pivot":{"x":-4.502200126647949,"y":0.10000002384185791,"z":2.5324997901916506},"rotation":{"x":0.5678690075874329,"y":-0.00122574542183429,"z":0.0008572002989239991,"w":0.8231492638587952},"size":7.110267639160156,"orthographic":false}