﻿{"cameraMode":{"drawMode":0,"name":"Shaded","section":"Shading Mode"},"sceneLighting":false,"audioPlay":false,"sceneViewState":{"showFog":true,"showMaterialUpdate":false,"showSkybox":false,"showFlares":true,"showImageEffects":true,"showParticleSystems":true},"in2DMode":false,"pivot":{"x":-0.49228787422180178,"y":-0.29851865768432619,"z":1.0454447269439698},"rotation":{"x":0.41488951444625857,"y":-0.4529823362827301,"z":0.2512418329715729,"w":0.7480350136756897},"size":5.565412521362305,"orthographic":false}