﻿{"cameraMode":{"drawMode":0,"name":"Shaded","section":"Shading Mode"},"sceneLighting":true,"audioPlay":false,"sceneViewState":{"showFog":true,"showMaterialUpdate":false,"showSkybox":true,"showFlares":true,"showImageEffects":true,"showParticleSystems":true},"in2DMode":false,"pivot":{"x":16.834821701049806,"y":-14.919001579284668,"z":-5.7527899742126469},"rotation":{"x":0.6053880453109741,"y":0.015517950057983399,"z":-0.011806562542915345,"w":0.7956914305686951},"size":22.22174072265625,"orthographic":false}