﻿{"cameraMode":{"drawMode":0,"name":"Shaded","section":"Shading Mode"},"sceneLighting":true,"audioPlay":false,"sceneViewState":{"showFog":false,"showMaterialUpdate":false,"showSkybox":false,"showFlares":false,"showImageEffects":false,"showParticleSystems":false},"in2DMode":false,"pivot":{"x":-3.947960376739502,"y":0.47597837448120119,"z":-2.3558738231658937},"rotation":{"x":-0.20246312022209168,"y":0.7661053538322449,"z":-0.2886349558830261,"w":-0.5373846292495728},"size":11.564496040344239,"orthographic":false}