﻿{"cameraMode":{"drawMode":0,"name":"Shaded","section":"Shading Mode"},"sceneLighting":true,"audioPlay":false,"sceneViewState":{"showFog":false,"showMaterialUpdate":false,"showSkybox":false,"showFlares":false,"showImageEffects":false,"showParticleSystems":false},"in2DMode":false,"pivot":{"x":-44.393577575683597,"y":-1.2013492584228516,"z":-38.40225601196289},"rotation":{"x":0.0917825847864151,"y":-0.5058169364929199,"z":0.054231781512498859,"w":0.8560333847999573},"size":79.86105346679688,"orthographic":false}