<?xml version="1.0" ?>
<videos xmlns="http://www.videos.es/tds" xmlns:xs="http://www.w3.org/2001/XMLSchema-instance"
	xs:schemaLocation="http://www.videos.es/tds videos.xsd">
	<video titulo="SUPER MARIO MAKER 2" url="https://www.youtube.com/watch?v=CI5bdVB2-Ic" >
		<etiqueta nombre="games"/>
	</video>
	<video titulo="EXPERIENCIA VIP en las 24h de LE MANS" url="https://www.youtube.com/watch?v=X6pbDZPMMrA" >
		<etiqueta nombre="cars"/>
	</video>
	<video titulo="Etika y el Proyecto Venus" url="https://www.youtube.com/watch?v=gZxZvY8eJ8w" >
		<etiqueta nombre="mistery"/>
	</video>
	<video titulo="EL MEJOR LOADOUT de la TEMPORADA 9" url="https://www.youtube.com/watch?v=tf-KsrCkNGQ" >
		<etiqueta nombre="games"/>
	</video>
	<video titulo="DEFINICIÓN y PUESTA A PUNTO (Cómo NO hacerlas)" url="https://www.youtube.com/watch?v=MkGuLzQ4QNo" >
		<etiqueta nombre="gym"/>
	</video>
	<video titulo="$760 Chinese Mini Laptop Unboxing" url="https://www.youtube.com/watch?v=kzB4MrXWoO0" >
		<etiqueta nombre="unboxing"/>
	</video>
	<video titulo="Enduro - The Wildest Show" url="https://www.youtube.com/watch?v=kp6caiKmO0E" >
		<etiqueta nombre="motor"/>
	</video>
	<video titulo="LOS DESCEREBRADOS DE YOUTUBE" url="https://www.youtube.com/watch?v=PcdDtSndOqs" >
		<etiqueta nombre="Auron"/>
	</video>
	<video titulo="EL COMIDISTA | ¿Hay alguna pizza precocinada decente?" url="https://www.youtube.com/watch?v=Gk5abdMIhrI" >
		<etiqueta nombre="food"/>
	</video>
</videos>